{
  "num_leaves": 88,
  "learning_rate": 0.07190901330469582,
  "feature_fraction": 0.7917134227008088,
  "bagging_fraction": 0.7870100804060105,
  "bagging_freq": 7,
  "min_data_in_leaf": 86,
  "lambda_l1": 0.03717517201768633,
  "lambda_l2": 0.0006418257267403745
}